{
  "model": "Qwen/Qwen2-VL-7B-Instruct",
  "model_type": "qwen2vl",
  "num_samples": 100,
  "num_layers": 28,
  "attention_allocation": {
    "pre_image": [
      0.0890579754114151,
      0.07049101926386356,
      0.24735550925135613,
      0.11629503048956394,
      0.6686973738670349,
      0.5329482132196426,
      0.6424721908569336,
      0.37895451843738553,
      0.5850509321689605,
      0.2424786800146103,
      0.5053821802139282,
      0.5285524040460586,
      0.4100826513767242,
      0.21854996040463448,
      0.3650441825389862,
      0.43291191607713697,
      0.3660960838198662,
      0.4084537622332573,
      0.30178927987813947,
      0.30648263573646545,
      0.3347286754846573,
      0.5871407532691956,
      0.597805943787098,
      0.6587672674655914,
      0.5560639852285385,
      0.5222635778784752,
      0.5533946111798287,
      0.2469450268149376
    ],
    "image": [
      0.0713006978854537,
      0.06810574121773243,
      0.09955837190151215,
      0.09520539730787277,
      0.050217461846768854,
      0.06412833265960216,
      0.04791691739112139,
      0.14301262363791467,
      0.05431102439761162,
      0.09670532688498497,
      0.05245829017832875,
      0.06895984932780266,
      0.05136234972625971,
      0.059915244802832605,
      0.07956135161221027,
      0.06028459224849939,
      0.05506607728078961,
      0.0477760854549706,
      0.05733051165938377,
      0.08458636198192834,
      0.08738882813602686,
      0.07178409606218338,
      0.058982797674834726,
      0.053665040619671346,
      0.03746708994731307,
      0.05278921393677592,
      0.08614247694611549,
      0.17844221010804176
    ],
    "post_image": [
      0.8396435838937759,
      0.8614054387807846,
      0.6530876803398132,
      0.7884986650943756,
      0.2810845145583153,
      0.40292045116424563,
      0.3096077960729599,
      0.47803825289011004,
      0.36063880115747454,
      0.6608137905597686,
      0.4421602740883827,
      0.40248321533203124,
      0.5385559087991715,
      0.7215317338705063,
      0.5553945565223694,
      0.5068073505163193,
      0.5788353735208511,
      0.5437670940160751,
      0.6408826559782028,
      0.6089325159788131,
      0.5778874838352204,
      0.34107777118682864,
      0.3432113474607468,
      0.28756781563162803,
      0.4064685195684433,
      0.42494345396757127,
      0.36045967787504196,
      0.5746057105064392
    ]
  },
  "attention_efficiency": {
    "pre_image": [
      0.005937198360761008,
      0.00469940128425757,
      0.016490367283423738,
      0.007753002032637593,
      0.04457982492446901,
      0.03552988088130952,
      0.04283147939046224,
      0.025263634562492348,
      0.039003395477930705,
      0.016165245334307354,
      0.03369214534759522,
      0.035236826936403905,
      0.027338843425114955,
      0.014569997360308975,
      0.02433627883593241,
      0.02886079440514246,
      0.02440640558799109,
      0.027230250815550482,
      0.0201192853252093,
      0.020432175715764368,
      0.02231524503231048,
      0.03914271688461304,
      0.03985372958580653,
      0.04391781783103942,
      0.03707093234856923,
      0.034817571858565016,
      0.03689297407865524,
      0.01646300178766251
    ],
    "image": [
      0.00021555283704563537,
      0.00020998535885168707,
      0.000304875327262016,
      0.00029263786758516137,
      0.00015351342462657276,
      0.00019568764641397573,
      0.00014573656377214002,
      0.0004386808272019839,
      0.00016556726557108973,
      0.0002953463910386086,
      0.0001598429296563822,
      0.00021295301889450626,
      0.00015693332868818363,
      0.0001821563065534679,
      0.00024267859205770445,
      0.00018402230614367334,
      0.0001674889766034262,
      0.00014565931944813428,
      0.00017514077065478137,
      0.00025404364020827986,
      0.0002640379766914424,
      0.00021802422742160174,
      0.00018101068463672047,
      0.00016589558413421232,
      0.0001165455316130604,
      0.00016346023395077548,
      0.0002672668746243451,
      0.000549930539324119
    ],
    "post_image": [
      0.014501939767212712,
      0.014880642866756388,
      0.011284615509146738,
      0.013612786601602778,
      0.004856348291781307,
      0.006957976610870681,
      0.005347376963995475,
      0.008263197194962229,
      0.0062329080068587814,
      0.01141603200234268,
      0.007642255187731618,
      0.006953623527317995,
      0.009309178868331146,
      0.01247309642166403,
      0.00959081237840542,
      0.00875589466385864,
      0.009999239779105145,
      0.009390128838312646,
      0.011055860927165893,
      0.01051281224427854,
      0.009975564222104384,
      0.005894721500323733,
      0.00592670929394121,
      0.004966331279037249,
      0.0070217735432154095,
      0.007339799512942586,
      0.006227218991533434,
      0.009925548934830867
    ]
  },
  "avg_token_counts": {
    "pre_image": 15.0,
    "image": 342.7,
    "post_image": 58.1
  }
}