{
  "model": "Qwen/Qwen2-VL-7B-Instruct",
  "model_type": "qwen2vl",
  "num_samples": 100,
  "num_layers": 28,
  "attention_allocation": {
    "pre_image": [
      0.08905017592012882,
      0.07050627052783966,
      0.2474698543548584,
      0.11633089736104012,
      0.6687645870447159,
      0.5329820615053177,
      0.6424223870038986,
      0.3787190923094749,
      0.5850296330451965,
      0.24262658953666688,
      0.5053392082452774,
      0.528575006723404,
      0.4099069884419441,
      0.218847543746233,
      0.36476031750440596,
      0.4326459035277367,
      0.3660727927088738,
      0.4080285593867302,
      0.3013063611090183,
      0.30636018842458723,
      0.3346523514389992,
      0.5870456993579865,
      0.5978913110494614,
      0.6587167102098465,
      0.5562488135695457,
      0.5224751642346382,
      0.5534756729006767,
      0.24708596736192703
    ],
    "image": [
      0.07130014758557081,
      0.06810816049575806,
      0.09951615497469903,
      0.0952131524682045,
      0.05020070943981409,
      0.06409204039722681,
      0.04791571527719498,
      0.14299138829112054,
      0.054347111694514755,
      0.0964220380038023,
      0.052342516630887986,
      0.06890221629291773,
      0.05135809306055308,
      0.059970679730176925,
      0.07986019436269999,
      0.060400776006281374,
      0.05520363695919514,
      0.0478590571321547,
      0.057403243463486436,
      0.0844311596825719,
      0.08730136435478926,
      0.07182227473706007,
      0.05905371777713299,
      0.0536649115011096,
      0.03744790248572826,
      0.052779503762722016,
      0.08614000972360372,
      0.17845973797142506
    ],
    "post_image": [
      0.8396524095535278,
      0.8613872575759888,
      0.6530127215385437,
      0.7884558236598969,
      0.2810349726676941,
      0.4029307460784912,
      0.3096580567955971,
      0.4782905545830727,
      0.36062275618314743,
      0.6609503674507141,
      0.4423236435651779,
      0.40252482771873477,
      0.5387329199910164,
      0.7211826395988464,
      0.5553810822963715,
      0.5069523739814759,
      0.5787223780155182,
      0.5441149064898491,
      0.6412908226251602,
      0.6092061173915863,
      0.5780451738834381,
      0.3411329212784767,
      0.3430540254712105,
      0.2876181556284428,
      0.4063029310107231,
      0.42474630802869795,
      0.36038310170173643,
      0.5744462072849273
    ]
  },
  "attention_efficiency": {
    "pre_image": [
      0.005936678394675255,
      0.00470041803518931,
      0.0164979902903239,
      0.0077553931574026735,
      0.04458430580298106,
      0.03553213743368784,
      0.04282815913359325,
      0.025247939487298324,
      0.03900197553634644,
      0.016175105969111127,
      0.03368928054968515,
      0.03523833378156026,
      0.027327132562796272,
      0.014589836249748871,
      0.02431735450029373,
      0.028843060235182447,
      0.024404852847258244,
      0.027201903959115353,
      0.02008709074060122,
      0.02042401256163915,
      0.022310156762599943,
      0.03913637995719909,
      0.03985942073663078,
      0.043914447347323096,
      0.03708325423796972,
      0.03483167761564255,
      0.036898378193378455,
      0.016472397824128463
    ],
    "image": [
      0.00021555542769276993,
      0.00020999666654266132,
      0.00030475731283263773,
      0.00029263620193544285,
      0.00015347570492260141,
      0.00019558818007540596,
      0.00014558569725305715,
      0.00043854672756264197,
      0.0001656312747274753,
      0.0002946400229979862,
      0.00015948811779793664,
      0.00021280245975566166,
      0.0001568779673818087,
      0.0001823093332659754,
      0.00024346818626867124,
      0.00018432643147965123,
      0.0001677945007506976,
      0.00014586352562481828,
      0.00017522620048876093,
      0.0002534858877437004,
      0.0002637145995661507,
      0.0002181776812398477,
      0.00018129818414524423,
      0.00016598358357311938,
      0.00011655485302350892,
      0.0001634610138551581,
      0.00026739731609702676,
      0.0005502770484330161
    ],
    "post_image": [
      0.01450209725295249,
      0.0148803410684576,
      0.011283309939699978,
      0.013612033297438543,
      0.0048555045634590885,
      0.006958195280234622,
      0.0053482926212082,
      0.008267578807404068,
      0.006232576097032357,
      0.011418074358923216,
      0.007645004694961479,
      0.0069542163847161245,
      0.009312128778670084,
      0.012467117618225016,
      0.00959039983025252,
      0.00875823835168687,
      0.009997225690976615,
      0.009396023424898828,
      0.011063010033456182,
      0.01051753434246954,
      0.009978311219790733,
      0.005895576531900292,
      0.0059240149276389535,
      0.004967232343414086,
      0.00701882493346105,
      0.007336274081779563,
      0.006225853546677977,
      0.009922714283699965
    ]
  },
  "avg_token_counts": {
    "pre_image": 15.0,
    "image": 342.7,
    "post_image": 58.1
  }
}