{
  "model": "llava-hf/llava-1.5-7b-hf",
  "model_type": "llava",
  "num_samples": 100,
  "num_layers": 32,
  "attention_allocation": {
    "pre_image": [
      0.008579491656273603,
      0.027491823509335517,
      0.6718040013313293,
      0.7810656422376633,
      0.7776228553056717,
      0.8167003840208054,
      0.7742252749204636,
      0.7823728239536285,
      0.6404186844825744,
      0.5469326642155647,
      0.5958630484342575,
      0.5560925143957138,
      0.5357489013671874,
      0.4788661727309227,
      0.37698874980211255,
      0.4126785093545914,
      0.5534488615393639,
      0.6909797155857086,
      0.696081645488739,
      0.6327341920137406,
      0.7262028872966766,
      0.7540245896577835,
      0.7926267546415329,
      0.8156130242347718,
      0.7128014588356018,
      0.8380595886707306,
      0.7235953605175018,
      0.7968498253822327,
      0.8049791139364243,
      0.7742000895738602,
      0.8386091250181198,
      0.620712166428566
    ],
    "image": [
      0.5460514736175537,
      0.29469598591327667,
      0.16172798871994018,
      0.08470919538289308,
      0.06051099095493555,
      0.041940020229667425,
      0.03293475540354848,
      0.03794827051460743,
      0.03789573036134243,
      0.03147771324962378,
      0.028611049912869932,
      0.04248371133580804,
      0.03756235828623176,
      0.05056430023163557,
      0.06865724127739668,
      0.06962427038699388,
      0.07636269055306912,
      0.04955228231847286,
      0.04604296743869782,
      0.09799864254891873,
      0.07272566322237253,
      0.04625424178317189,
      0.048459248784929514,
      0.05706760387867689,
      0.05749321676790714,
      0.05130288779735565,
      0.06984280873090029,
      0.046067444905638695,
      0.05569637943059206,
      0.053289027474820616,
      0.040636830311268565,
      0.10470386497676372
    ],
    "post_image": [
      0.44536913216114044,
      0.6778115475177765,
      0.16646869868040085,
      0.13422512888908386,
      0.16186619520187379,
      0.14136313483119012,
      0.1928406363725662,
      0.17967964738607406,
      0.321686834692955,
      0.4215886381268501,
      0.3755259281396866,
      0.4014207696914673,
      0.4266887417435646,
      0.4705680674314499,
      0.5543556186556816,
      0.5176936891674996,
      0.3701868823170662,
      0.2594690541923046,
      0.25787265598773956,
      0.2692681413888931,
      0.2010720956325531,
      0.19971787467598914,
      0.1589160392433405,
      0.12731945894658567,
      0.2297075381875038,
      0.11063728719949723,
      0.20655998781323434,
      0.15708104886114596,
      0.13931973725557328,
      0.1725094884634018,
      0.12075457759201527,
      0.27458346709609033
    ]
  },
  "attention_efficiency": {
    "pre_image": [
      0.0017158983312547203,
      0.005498364701867103,
      0.1343608002662659,
      0.15621312844753268,
      0.15552457106113432,
      0.16334007680416107,
      0.15484505498409276,
      0.15647456479072575,
      0.1280837368965149,
      0.10938653284311295,
      0.11917260968685149,
      0.11121850287914273,
      0.10714978027343758,
      0.09577323454618458,
      0.07539774996042252,
      0.08253570187091826,
      0.11068977230787282,
      0.13819594311714176,
      0.13921632909774787,
      0.1265468384027481,
      0.1452405774593353,
      0.1508049179315567,
      0.1585253509283066,
      0.16312260484695432,
      0.14256029176712037,
      0.16761191773414616,
      0.14471907210350035,
      0.1593699650764465,
      0.16099582278728483,
      0.15484001791477212,
      0.16772182500362398,
      0.12414243328571317
    ],
    "image": [
      0.0009480060305860309,
      0.0005116249755438831,
      0.0002807777581943404,
      0.00014706457531752268,
      0.00010505380374120751,
      7.281253512095034e-05,
      5.7178394797827236e-05,
      6.588241408786013e-05,
      6.579119854399724e-05,
      5.4648807725041294e-05,
      4.967196165428809e-05,
      7.375644329133341e-05,
      6.521242758026346e-05,
      8.778524345770057e-05,
      0.00011919659943992476,
      0.00012087546942186439,
      0.00013257411554352277,
      8.60282679140154e-05,
      7.99357073588504e-05,
      0.00017013653220298384,
      0.00012625983198328553,
      8.030250309578452e-05,
      8.413064025161371e-05,
      9.90757011782585e-05,
      9.981461244428327e-05,
      8.906751353707578e-05,
      0.00012125487626892403,
      7.997820296117826e-05,
      9.669510317811122e-05,
      9.25156726993414e-05,
      7.055005262373013e-05,
      0.000181777543362437
    ],
    "post_image": [
      0.007021496270923609,
      0.010697808472416916,
      0.002626324928591542,
      0.0021179273938498056,
      0.0025538818695876545,
      0.002231176461970778,
      0.003043665707985656,
      0.0028346409935866845,
      0.005080535494164968,
      0.006652249966270982,
      0.0059212555200609555,
      0.00633461327034523,
      0.006722166449626016,
      0.0074216942156859304,
      0.008738258443563957,
      0.008169095324294799,
      0.005845699978986243,
      0.00409210422003661,
      0.004067123500995147,
      0.004242994453770691,
      0.0031662834734970274,
      0.003145590477491975,
      0.0025012889917939663,
      0.0020030139174630583,
      0.003612892996554589,
      0.0017412871771915561,
      0.0032519728202807974,
      0.002475803348541521,
      0.0021951822638675723,
      0.00271879107474683,
      0.0019022807374217776,
      0.0043273834926910535
    ]
  },
  "avg_token_counts": {
    "pre_image": 5.0,
    "image": 576.0,
    "post_image": 63.6
  }
}