{
  "model": "llava-hf/llava-1.5-7b-hf",
  "model_type": "llava",
  "num_samples": 100,
  "num_layers": 32,
  "attention_allocation": {
    "pre_image": [
      0.008579565361142159,
      0.027489947732537986,
      0.6715076124668121,
      0.7810052281618118,
      0.7775629466772079,
      0.8166953939199447,
      0.7741209578514099,
      0.7823302739858627,
      0.6403271514177322,
      0.5469146457314491,
      0.595771376490593,
      0.5561373913288117,
      0.5358180144429207,
      0.4788120260834694,
      0.37701567381620404,
      0.4127004551887512,
      0.5533312559127808,
      0.690936713218689,
      0.6960641640424728,
      0.6326045227050782,
      0.726119059920311,
      0.7539866685867309,
      0.7926366001367569,
      0.8156293976306915,
      0.712744711637497,
      0.8379304295778275,
      0.7234925073385239,
      0.7968201351165771,
      0.8049484992027283,
      0.7741240632534027,
      0.8385893744230271,
      0.6207388761639595
    ],
    "image": [
      0.5460524189472199,
      0.2946679711341858,
      0.16196974337100983,
      0.08481013845652342,
      0.06059349779039622,
      0.04198868747800589,
      0.03300713049247861,
      0.03801560582593083,
      0.03795406172052026,
      0.03153067458420992,
      0.028669972717761994,
      0.04252709284424782,
      0.0375820823572576,
      0.050587648935616014,
      0.06870652185752987,
      0.06967961136251688,
      0.07645451739430427,
      0.04958884224295616,
      0.0460763524286449,
      0.09809599123895169,
      0.07278903737664223,
      0.046303634364157915,
      0.04849773351103068,
      0.05709622457623482,
      0.05755387060344219,
      0.051384107619524,
      0.06991228703409433,
      0.046115170530974865,
      0.055745119638741014,
      0.05334814228117466,
      0.04066735683009028,
      0.1047370757162571
    ],
    "post_image": [
      0.4453684234619141,
      0.6778416180610657,
      0.16652118027210236,
      0.13418366491794587,
      0.16184260919690133,
      0.14131681025028228,
      0.19286998212337494,
      0.17965284124016762,
      0.3217224070429802,
      0.42155600726604464,
      0.3755592459440231,
      0.40133400946855546,
      0.4266017633676529,
      0.4706008958816528,
      0.554276984333992,
      0.517618625164032,
      0.37021743953228,
      0.25947500348091124,
      0.2578633430600166,
      0.2693005518615246,
      0.2010897246003151,
      0.19970859855413436,
      0.1588696900755167,
      0.12727782040834426,
      0.22969891205430032,
      0.11068446278572082,
      0.20659196138381958,
      0.1570636498183012,
      0.13930649511516094,
      0.1725294154882431,
      0.12074283860623837,
      0.27452629536390305
    ]
  },
  "attention_efficiency": {
    "pre_image": [
      0.0017159130722284317,
      0.005497989546507597,
      0.13430152249336247,
      0.15620104563236242,
      0.15551258933544157,
      0.1633390787839889,
      0.15482419157028193,
      0.1564660547971726,
      0.12806543028354653,
      0.10938292914628978,
      0.11915427529811858,
      0.11122747826576239,
      0.10716360288858416,
      0.09576240521669387,
      0.07540313476324081,
      0.08254009103775026,
      0.11066625118255616,
      0.1381873426437378,
      0.1392128328084946,
      0.12652090454101564,
      0.14522381198406217,
      0.15079733371734616,
      0.15852732002735137,
      0.16312587952613827,
      0.14254894232749943,
      0.16758608591556548,
      0.14469850146770472,
      0.15936402702331537,
      0.16098969984054567,
      0.15482481265068057,
      0.1677178748846054,
      0.12414777523279191
    ],
    "image": [
      0.0009480076717833679,
      0.0005115763387746281,
      0.0002811974711302253,
      0.00014723982370924205,
      0.00010519704477499345,
      7.2897026871538e-05,
      5.730404599388645e-05,
      6.599931567001881e-05,
      6.58924682647921e-05,
      5.474075448647554e-05,
      4.9774258190558995e-05,
      7.383175841015245e-05,
      6.524667075912777e-05,
      8.782577940211108e-05,
      0.00011928215600265601,
      0.00012097154750436958,
      0.00013273353714288942,
      8.609174000513219e-05,
      7.999366741084181e-05,
      0.0001703055403454022,
      0.00012636985655667054,
      8.038825410444085e-05,
      8.419745401220605e-05,
      9.912538988929661e-05,
      9.991991424208712e-05,
      8.920852017278473e-05,
      0.00012137549832308048,
      8.006105994960911e-05,
      9.677972159503648e-05,
      9.261830257148376e-05,
      7.060305005224008e-05,
      0.00018183520089627963
    ],
    "post_image": [
      0.007021483293165547,
      0.010698267429518054,
      0.002626995859007515,
      0.002117270693536561,
      0.002553503435705543,
      0.002230429253488877,
      0.003044139716847706,
      0.002834236647284899,
      0.005081161637015277,
      0.006651724914492451,
      0.00592180429212022,
      0.006333241019673596,
      0.0067208181592058325,
      0.007422201781391779,
      0.00873705069520076,
      0.008167889803731504,
      0.005846150658411014,
      0.004092208457414977,
      0.004066997854369076,
      0.0042435186502548785,
      0.0031665595840401585,
      0.003145448817570743,
      0.002500567475608589,
      0.0020023514754045073,
      0.0036127740890218025,
      0.0017420361706372756,
      0.003252460677691885,
      0.002475558396065591,
      0.0021949939877531793,
      0.0027191097367766865,
      0.0019021017869787157,
      0.004326540299562732
    ]
  },
  "avg_token_counts": {
    "pre_image": 5.0,
    "image": 576.0,
    "post_image": 63.6
  }
}